SaleDate,ProductKey,Product,Category,Quantity,UnitPrice,UnitCost
2026-01-05,101,Laptop,Technology,2,1200.00,850.00
2026-01-05,201,Office Chair,Furniture,3,180.00,110.00
2026-01-12,102,Mouse,Technology,8,25.00,12.00
2026-01-20,301,Notebook,Office Supplies,10,6.50,2.40
2026-01-28,201,Office Chair,Furniture,1,180.00,110.00
2026-02-03,101,Laptop,Technology,1,1150.00,850.00
2026-02-08,102,Mouse,Technology,6,24.50,12.00
2026-02-15,301,Notebook,Office Supplies,12,6.50,2.40
2026-02-24,201,Office Chair,Furniture,2,175.00,110.00
2026-03-02,101,Laptop,Technology,3,1190.00,850.00
2026-03-09,102,Mouse,Technology,5,25.00,12.00
2026-03-16,201,Office Chair,Furniture,2,180.00,110.00
2026-03-22,301,Notebook,Office Supplies,15,6.25,2.40
2026-03-30,102,Mouse,Technology,4,24.50,12.00
2026-04-02,401,Demo Sample,ZeroSales,0,10.00,4.00
